commit,line,depth,length,date,time,timezone,datetime,author
"9d4f8d978647570dfda604c4cd10a7da31c0c892",1,0,67,2025-02-26,07:21:09.000,+0000,2025-02-26T07:21:09.000Z,"ShaheerAlamKhan"
"0fee357c982bf61a0ed78cd4286d729f2338cf79",2,0,28,2025-02-26,07:20:41.000,+0000,2025-02-26T07:20:41.000Z,"ShaheerAlamKhan"
"c0f8674cbcedf8f4c82bbeb2f50d448a0be1cbcc",3,0,24,2025-02-25,16:19:13.000,+0000,2025-02-25T16:19:13.000Z,"GitHub Action"
"a0e5b3a69cc0dbfb40b32c12299178c0746708a2",4,0,67,2025-02-25,16:18:47.000,+0000,2025-02-25T16:18:47.000Z,"ShaheerAlamKhan"
"22ef8e7fb30bc7bb422fe72d35137c468265e136",5,0,14,2025-02-25,16:18:21.000,+0000,2025-02-25T16:18:21.000Z,"ShaheerAlamKhan"
"facd0f030489536d2a920ea3a5a110760cf4fe8f",6,0,24,2025-02-25,13:45:57.000,+0000,2025-02-25T13:45:57.000Z,"GitHub Action"
"c07a1d2d2822c16b027178044a1ecd81d104768e",7,0,67,2025-02-25,13:45:37.000,+0000,2025-02-25T13:45:37.000Z,"ShaheerAlamKhan"
"38d8e1f073b2458b0bdc14094bef2f59d34f58df",8,0,14,2025-02-25,13:45:27.000,+0000,2025-02-25T13:45:27.000Z,"ShaheerAlamKhan"
"d2862cd84919638963f661a1a8c0b11fcf805f01",9,0,24,2025-02-25,13:25:09.000,+0000,2025-02-25T13:25:09.000Z,"GitHub Action"
"876765c0abb097657edd035f2396ae941d3314d5",10,0,67,2025-02-25,13:24:41.000,+0000,2025-02-25T13:24:41.000Z,"ShaheerAlamKhan"
"01310fbb97ee54386e6a7c5f4827c1ce63275e1b",11,0,19,2025-02-25,13:24:28.000,+0000,2025-02-25T13:24:28.000Z,"ShaheerAlamKhan"
"59cf428f26d1395248c2776d10ff5f4ab3322ccd",12,0,24,2025-02-16,07:43:49.000,+0000,2025-02-16T07:43:49.000Z,"GitHub Action"
"0dc85a837dadbada2de2df6e95c7d5723e366176",13,0,67,2025-02-16,07:43:19.000,+0000,2025-02-16T07:43:19.000Z,"ShaheerAlamKhan"
"13fe1f1ade52358a0fa3b4a2ac9e99c515bd7e36",14,0,20,2025-02-16,07:42:54.000,+0000,2025-02-16T07:42:54.000Z,"ShaheerAlamKhan"
"5fae671df5b8c35163b3668a557001761365e54a",15,0,24,2025-02-16,07:42:00.000,+0000,2025-02-16T07:42:00.000Z,"GitHub Action"
"162e851c09b1dc2d74061511001b7dddc4482f11",16,0,67,2025-02-16,07:41:32.000,+0000,2025-02-16T07:41:32.000Z,"ShaheerAlamKhan"
"f5a2d48756cfeaf05d0ffb60dbd2d2a129b8b6c7",17,0,20,2025-02-16,07:40:26.000,+0000,2025-02-16T07:40:26.000Z,"ShaheerAlamKhan"
"22e306427638959a64cc848c26431022a0f78d37",18,0,24,2025-02-16,07:30:33.000,+0000,2025-02-16T07:30:33.000Z,"GitHub Action"
"758f3bb871d13edb0467bbd1961b84e5e2c128d0",19,0,67,2025-02-16,07:29:43.000,+0000,2025-02-16T07:29:43.000Z,"ShaheerAlamKhan"
"6b7b7adbbe085fc21de79d090e5c5deff7c1a341",20,0,16,2025-02-16,07:25:36.000,+0000,2025-02-16T07:25:36.000Z,"ShaheerAlamKhan"
"cad88b0fdcdc1405913d79dc7bdbefe8602adf3f",21,0,61,2025-02-16,07:12:14.000,+0000,2025-02-16T07:12:14.000Z,"ShaheerAlamKhan"
"b18ac451a870b7eeec9eb7604f4a30ca8cb7b7eb",22,0,26,2025-02-16,05:49:57.000,+0000,2025-02-16T05:49:57.000Z,"ShaheerAlamKhan"
"6dff38b7c62f827a8a48cf6964eaeeea5a09bbdd",23,0,26,2025-02-16,05:29:06.000,+0000,2025-02-16T05:29:06.000Z,"Shaheer2492"
"956413831fc25682b769624858539779a2d28217",24,0,17,2025-02-08,04:00:03.000,+0000,2025-02-08T04:00:03.000Z,"ShaheerAlamKhan"
"cb2aa14808d475312179fccf293bddc09d682ea4",25,0,39,2025-02-08,03:55:20.000,+0000,2025-02-08T03:55:20.000Z,"ShaheerAlamKhan"
"489cee5686e3bb97c4bec7af745835fdaaad02a8",26,0,5,2025-01-31,22:40:41.000,+0000,2025-01-31T22:40:41.000Z,"ShaheerAlamKhan"
"4999146cc43ea3582cfa82f05d6ab8a17cd2db1d",27,0,21,2025-01-25,05:10:59.000,+0000,2025-01-25T05:10:59.000Z,"ShaheerAlamKhan"
"a5bfa3b4fd3559617d3b3ecb53b25ec196e0a30a",28,0,60,2025-01-25,05:06:12.000,+0000,2025-01-25T05:06:12.000Z,"ShaheerAlamKhan"
"83de5ab4389be2f5829d3e8ca584640994317d02",29,0,15,2025-01-23,06:24:37.000,+0000,2025-01-23T06:24:37.000Z,"ShaheerAlamKhan"
"1e9de45b42ca5f2bcf65d5414ddf922445b165aa",30,0,15,2025-01-22,02:57:57.000,+0000,2025-01-22T02:57:57.000Z,"ShaheerAlamKhan"
"71c5922c3595c268b2f475314e093f75a616e8fd",31,0,15,2025-01-18,07:37:51.000,+0000,2025-01-18T07:37:51.000Z,"ShaheerAlamKhan"
"9279b82e43ae6d663253921cd6ce4917def7c5bf",32,0,15,2025-01-18,07:32:30.000,+0000,2025-01-18T07:32:30.000Z,"ShaheerAlamKhan"
"c4fa9312396ad6d19cf1f28bf5d4c249244512ba",33,0,17,2025-01-18,07:11:03.000,+0000,2025-01-18T07:11:03.000Z,"ShaheerAlamKhan"
"0b685cf5844e44457e49b3f2097af8702749f917",34,0,16,2025-01-18,06:43:03.000,+0000,2025-01-18T06:43:03.000Z,"ShaheerAlamKhan"
"65ae1b488019276d49f570d3ed00dee4345ca7b2",35,0,25,2025-01-18,06:28:54.000,+0000,2025-01-18T06:28:54.000Z,"ShaheerAlamKhan"
"3819c9b84466e38101e185a49cf4424fa04538c5",36,0,48,2025-01-18,05:13:18.000,+0000,2025-01-18T05:13:18.000Z,"ShaheerAlamKhan"
"5315fd4dbc2f2aa78c6b7c39157c5f3119bd0908",37,0,12,2025-01-17,00:37:34.000,+0000,2025-01-17T00:37:34.000Z,"ShaheerAlamKhan"
"b783ddbc20be08d00d1f403c319f5f04290ae2a0",38,0,26,2025-01-14,00:52:09.000,+0000,2025-01-14T00:52:09.000Z,"ShaheerAlamKhan"
"0f11b79dda39ab35f91f4e5e95ac1466485eddef",39,0,5,2025-01-12,05:16:31.000,+0000,2025-01-12T05:16:31.000Z,"ShaheerAlamKhan"
"068a798146fac545bc1a5dd80e7f11b45411d001",40,0,14,2025-01-12,05:09:30.000,+0000,2025-01-12T05:09:30.000Z,"ShaheerAlamKhan"
"ec0638eed19aa06e06e8d896390c87c2725d4587",41,0,17,2025-01-12,04:37:50.000,+0000,2025-01-12T04:37:50.000Z,"ShaheerAlamKhan"
"3bb8b229712734e04b49ba3309d0c3341b883943",42,0,40,2025-01-12,04:27:49.000,+0000,2025-01-12T04:27:49.000Z,"ShaheerAlamKhan"
"46987b21c0bd9333fe3e021e2045de9d03d23084",43,0,14,2025-01-12,04:12:26.000,+0000,2025-01-12T04:12:26.000Z,"ShaheerAlamKhan"
